alpha,score
26,0.97157
28,0.97285
31,0.97300
33,0.97400
34,0.97485
35,0.97542
36,0.97500
37,0.97314