k,alpha,score
4,31,0.97300
4,33,0.97400
4,35,0.97542
5,37,0.97314