k,alpha,score
5,26,0.97157
4,28,0.97285
4,31,0.97300
4,33,0.97400
4,34,0.97485
3,35,0.97514
4,35,0.97542
5,35,0.97371
4,36,0.97500
5,37,0.97314